<Anims>
 <anim name="idle" root="strawberry_plant" numframes="1000" framerate="40">
  <frame idx="0" w="338" h="349" x="-6.966675" y="-16.913940">
   <element name="strawberry_plant" layername="strawberry_plant" frame="0" z_index="1" m_a="1.000000" m_b="0.000000" m_c="0.000000" m_d="1.000000" m_tx="-1.999864" m_ty="-4.000137"/>
  </frame>
  <frame idx="25" w="339" h="468" x="-7.681366" y="-124.583908">
   <element name="strawberry_plant" layername="strawberry_plant" frame="0" z_index="1" m_a="1.000000" m_b="-0.000477" m_c="0.000477" m_d="1.000000" m_tx="-2.786038" m_ty="-111.598587"/>
  </frame>
  <frame idx="50" w="339" h="456" x="-7.523346" y="-112.765411">
   <element name="strawberry_plant" layername="strawberry_plant" frame="0" z_index="1" m_a="0.999999" m_b="-0.001393" m_c="0.001393" m_d="0.999999" m_tx="-2.765394" m_ty="-99.642448"/>
  </frame>
  <frame idx="75" w="340" h="443" x="-7.348831" y="-100.947052">
   <element name="strawberry_plant" layername="strawberry_plant" frame="0" z_index="1" m_a="0.999997" m_b="-0.002310" m_c="0.002310" m_d="0.999997" m_tx="-2.728112" m_ty="-87.686356"/>
  </frame>
  <frame idx="100" w="340" h="431" x="-7.157791" y="-89.128937">
   <element name="strawberry_plant" layername="strawberry_plant" frame="0" z_index="1" m_a="0.999995" m_b="-0.003227" m_c="0.003227" m_d="0.999995" m_tx="-2.674191" m_ty="-75.730347"/>
  </frame>
  <frame idx="125" w="340" h="417" x="-6.950241" y="-77.311005">
   <element name="strawberry_plant" layername="strawberry_plant" frame="0" z_index="1" m_a="0.999991" m_b="-0.004143" m_c="0.004143" m_d="0.999991" m_tx="-2.603631" m_ty="-63.774422"/>
  </frame>
  <frame idx="150" w="340" h="405" x="-6.726166" y="-65.493347">
   <element name="strawberry_plant" layername="strawberry_plant" frame="0" z_index="1" m_a="0.999987" m_b="-0.005060" m_c="0.005060" m_d="0.999987" m_tx="-2.516433" m_ty="-51.818630"/>
  </frame>
  <frame idx="175" w="340" h="392" x="-6.485611" y="-53.675980">
   <element name="strawberry_plant" layername="strawberry_plant" frame="0" z_index="1" m_a="0.999982" m_b="-0.005977" m_c="0.005977" m_d="0.999982" m_tx="-2.412596" m_ty="-39.862991"/>
  </frame>
  <frame idx="200" w="340" h="379" x="-6.228500" y="-41.858871">
   <element name="strawberry_plant" layername="strawberry_plant" frame="0" z_index="1" m_a="0.999976" m_b="-0.006893" m_c="0.006893" m_d="0.999976" m_tx="-2.292122" m_ty="-27.907515"/>
  </frame>
  <frame idx="225" w="340" h="367" x="-5.954926" y="-30.042114">
   <element name="strawberry_plant" layername="strawberry_plant" frame="0" z_index="1" m_a="0.999969" m_b="-0.007810" m_c="0.007810" m_d="0.999969" m_tx="-2.155009" m_ty="-15.952232"/>
  </frame>
  <frame idx="250" w="340" h="354" x="-5.664795" y="-18.225647">
   <element name="strawberry_plant" layername="strawberry_plant" frame="0" z_index="1" m_a="0.999962" m_b="-0.008727" m_c="0.008727" m_d="0.999962" m_tx="-2.001260" m_ty="-3.997164"/>
  </frame>
  <frame idx="275" w="340" h="354" x="-5.801224" y="-18.093811">
   <element name="strawberry_plant" layername="strawberry_plant" frame="0" z_index="1" m_a="0.999969" m_b="-0.007854" m_c="0.007854" m_d="0.999969" m_tx="-2.007873" m_ty="-3.997303"/>
  </frame>
  <frame idx="300" w="340" h="354" x="-5.932755" y="-17.962158">
   <element name="strawberry_plant" layername="strawberry_plant" frame="0" z_index="1" m_a="0.999976" m_b="-0.006981" m_c="0.006981" m_d="0.999976" m_tx="-2.009461" m_ty="-3.997490"/>
  </frame>
  <frame idx="325" w="339" h="352" x="-6.059341" y="-17.830612">
   <element name="strawberry_plant" layername="strawberry_plant" frame="0" z_index="1" m_a="0.999981" m_b="-0.006109" m_c="0.006109" m_d="0.999981" m_tx="-2.006021" m_ty="-3.997726"/>
  </frame>
  <frame idx="350" w="339" h="352" x="-6.181046" y="-17.699265">
   <element name="strawberry_plant" layername="strawberry_plant" frame="0" z_index="1" m_a="0.999986" m_b="-0.005236" m_c="0.005236" m_d="0.999986" m_tx="-1.997555" m_ty="-3.997997"/>
  </frame>
  <frame idx="375" w="339" h="351" x="-6.297821" y="-17.568039">
   <element name="strawberry_plant" layername="strawberry_plant" frame="0" z_index="1" m_a="0.999990" m_b="-0.004363" m_c="0.004363" m_d="0.999990" m_tx="-1.984063" m_ty="-3.998302"/>
  </frame>
  <frame idx="400" w="339" h="351" x="-6.409683" y="-17.436951">
   <element name="strawberry_plant" layername="strawberry_plant" frame="0" z_index="1" m_a="0.999994" m_b="-0.003491" m_c="0.003491" m_d="0.999994" m_tx="-1.965544" m_ty="-3.998631"/>
  </frame>
  <frame idx="425" w="339" h="351" x="-6.516617" y="-17.305984">
   <element name="strawberry_plant" layername="strawberry_plant" frame="0" z_index="1" m_a="0.999997" m_b="-0.002618" m_c="0.002618" m_d="0.999997" m_tx="-1.941998" m_ty="-3.998974"/>
  </frame>
  <frame idx="450" w="339" h="350" x="-6.618668" y="-17.175186">
   <element name="strawberry_plant" layername="strawberry_plant" frame="0" z_index="1" m_a="0.999998" m_b="-0.001745" m_c="0.001745" m_d="0.999998" m_tx="-1.913426" m_ty="-3.999340"/>
  </frame>
  <frame idx="475" w="338" h="350" x="-6.715805" y="-17.044464">
   <element name="strawberry_plant" layername="strawberry_plant" frame="0" z_index="1" m_a="1.000000" m_b="-0.000873" m_c="0.000873" m_d="1.000000" m_tx="-1.879826" m_ty="-3.999699"/>
  </frame>
  <frame idx="500" w="338" h="349" x="-6.808014" y="-16.913864">
   <element name="strawberry_plant" layername="strawberry_plant" frame="0" z_index="1" m_a="1.000000" m_b="0.000000" m_c="0.000000" m_d="1.000000" m_tx="-1.841200" m_ty="-4.000061"/>
  </frame>
  <frame idx="525" w="339" h="350" x="-6.895355" y="-16.783356">
   <element name="strawberry_plant" layername="strawberry_plant" frame="0" z_index="1" m_a="1.000000" m_b="0.000873" m_c="-0.000873" m_d="1.000000" m_tx="-1.797576" m_ty="-4.000385"/>
  </frame>
  <frame idx="550" w="339" h="350" x="-6.977783" y="-16.652924">
   <element name="strawberry_plant" layername="strawberry_plant" frame="0" z_index="1" m_a="0.999998" m_b="0.001745" m_c="-0.001745" m_d="0.999998" m_tx="-1.748925" m_ty="-4.000690"/>
  </frame>
  <frame idx="575" w="339" h="350" x="-7.055267" y="-16.522583">
   <element name="strawberry_plant" layername="strawberry_plant" frame="0" z_index="1" m_a="0.999997" m_b="0.002618" m_c="-0.002618" m_d="0.999997" m_tx="-1.695247" m_ty="-4.000984"/>
  </frame>
  <frame idx="600" w="340" h="350" x="-7.127869" y="-16.392380">
   <element name="strawberry_plant" layername="strawberry_plant" frame="0" z_index="1" m_a="0.999994" m_b="0.003491" m_c="-0.003491" m_d="0.999994" m_tx="-1.636543" m_ty="-4.001247"/>
  </frame>
  <frame idx="625" w="340" h="350" x="-7.195557" y="-16.262207">
   <element name="strawberry_plant" layername="strawberry_plant" frame="0" z_index="1" m_a="0.999990" m_b="0.004363" m_c="-0.004363" m_d="0.999990" m_tx="-1.572812" m_ty="-4.001472"/>
  </frame>
  <frame idx="650" w="340" h="350" x="-7.258331" y="-16.132126">
   <element name="strawberry_plant" layername="strawberry_plant" frame="0" z_index="1" m_a="0.999986" m_b="0.005236" m_c="-0.005236" m_d="0.999986" m_tx="-1.504054" m_ty="-4.001656"/>
  </frame>
  <frame idx="675" w="341" h="350" x="-7.316162" y="-16.002106">
   <element name="strawberry_plant" layername="strawberry_plant" frame="0" z_index="1" m_a="0.999981" m_b="0.006109" m_c="-0.006109" m_d="0.999981" m_tx="-1.430269" m_ty="-4.001793"/>
  </frame>
  <frame idx="700" w="341" h="350" x="-7.369125" y="-15.872177">
   <element name="strawberry_plant" layername="strawberry_plant" frame="0" z_index="1" m_a="0.999976" m_b="0.006981" m_c="-0.006981" m_d="0.999976" m_tx="-1.351458" m_ty="-4.001884"/>
  </frame>
  <frame idx="725" w="341" h="351" x="-7.417145" y="-15.742249">
   <element name="strawberry_plant" layername="strawberry_plant" frame="0" z_index="1" m_a="0.999969" m_b="0.007854" m_c="-0.007854" m_d="0.999969" m_tx="-1.267621" m_ty="-4.001907"/>
  </frame>
  <frame idx="750" w="343" h="351" x="-7.460236" y="-15.612427">
   <element name="strawberry_plant" layername="strawberry_plant" frame="0" z_index="1" m_a="0.999962" m_b="0.008726" m_c="-0.008726" m_d="0.999962" m_tx="-1.178776" m_ty="-4.001862"/>
  </frame>
  <frame idx="775" w="341" h="351" x="-7.387772" y="-15.742416">
   <element name="strawberry_plant" layername="strawberry_plant" frame="0" z_index="1" m_a="0.999969" m_b="0.007854" m_c="-0.007854" m_d="0.999969" m_tx="-1.238263" m_ty="-4.002052"/>
  </frame>
  <frame idx="800" w="341" h="350" x="-7.320404" y="-15.872543">
   <element name="strawberry_plant" layername="strawberry_plant" frame="0" z_index="1" m_a="0.999976" m_b="0.006981" m_c="-0.006981" m_d="0.999976" m_tx="-1.302820" m_ty="-4.002174"/>
  </frame>
  <frame idx="825" w="341" h="350" x="-7.258209" y="-16.002548">
   <element name="strawberry_plant" layername="strawberry_plant" frame="0" z_index="1" m_a="0.999981" m_b="0.006109" m_c="-0.006109" m_d="0.999981" m_tx="-1.372317" m_ty="-4.002235"/>
  </frame>
  <frame idx="850" w="340" h="350" x="-7.201126" y="-16.132751">
   <element name="strawberry_plant" layername="strawberry_plant" frame="0" z_index="1" m_a="0.999986" m_b="0.005235" m_c="-0.005235" m_d="0.999986" m_tx="-1.446930" m_ty="-4.002213"/>
  </frame>
  <frame idx="875" w="340" h="350" x="-7.149216" y="-16.262833">
   <element name="strawberry_plant" layername="strawberry_plant" frame="0" z_index="1" m_a="0.999990" m_b="0.004363" m_c="-0.004363" m_d="0.999990" m_tx="-1.526476" m_ty="-4.002113"/>
  </frame>
  <frame idx="900" w="340" h="350" x="-7.102463" y="-16.392960">
   <element name="strawberry_plant" layername="strawberry_plant" frame="0" z_index="1" m_a="0.999994" m_b="0.003491" m_c="-0.003491" m_d="0.999994" m_tx="-1.611046" m_ty="-4.001915"/>
  </frame>
  <frame idx="925" w="339" h="350" x="-7.060745" y="-16.523285">
   <element name="strawberry_plant" layername="strawberry_plant" frame="0" z_index="1" m_a="0.999997" m_b="0.002618" m_c="-0.002618" m_d="0.999997" m_tx="-1.700790" m_ty="-4.001633"/>
  </frame>
  <frame idx="950" w="339" h="350" x="-7.024277" y="-16.653458">
   <element name="strawberry_plant" layername="strawberry_plant" frame="0" z_index="1" m_a="0.999998" m_b="0.001746" m_c="-0.001746" m_d="0.999998" m_tx="-1.795410" m_ty="-4.001244"/>
  </frame>
  <frame idx="975" w="339" h="350" x="-6.992874" y="-16.783829">
   <element name="strawberry_plant" layername="strawberry_plant" frame="0" z_index="1" m_a="1.000000" m_b="0.000872" m_c="-0.000872" m_d="1.000000" m_tx="-1.895213" m_ty="-4.000755"/>
  </frame>
 </anim>
</Anims>
